{
  "rules": [
    {
      "name": "Demo Alarm Rule",
      "state": "ACTIVE",
      "weight": 0,
      "pluginToken": "mail",
      "filters": [
        {
          "clazz": "org.thingsboard.server.extensions.core.filter.MsgTypeFilter",
          "name": "MsgTypeFilter",
          "configuration": {
            "messageTypes": [
              "POST_TELEMETRY",
              "POST_ATTRIBUTES",
              "GET_ATTRIBUTES"
            ]
          }
        },
        {
          "clazz": "org.thingsboard.server.extensions.core.filter.DeviceTelemetryFilter",
          "name": "Temperature filter",
          "configuration": {
            "filter": "typeof temperature !== 'undefined' && temperature >= 100"
          }
        }
      ],
      "processor": {
        "clazz": "org.thingsboard.server.extensions.core.processor.AlarmDeduplicationProcessor",
        "name": "AlarmDeduplicationProcessor",
        "configuration": {
          "alarmIdTemplate": "[$date.get('yyyy-MM-dd HH:mm')] Device $cs.get('serialNumber')($cs.get('model')) temperature is high!",
          "alarmBodyTemplate": "[$date.get('yyyy-MM-dd HH:mm:ss')] Device $cs.get('serialNumber')($cs.get('model')) temperature is $temp.valueAsString!"
        }
      },
      "action": {
        "clazz": "org.thingsboard.server.extensions.core.action.mail.SendMailAction",
        "name": "Send Mail Action",
        "configuration": {
          "sendFlag": "isNewAlarm",
          "fromTemplate": "thingsboard@gmail.com",
          "toTemplate": "thingsboard@gmail.com",
          "subjectTemplate": "$alarmId",
          "bodyTemplate": "$alarmBody"
        }
      }
    },
    {
      "name": "Demo getTime RPC Rule",
      "state": "ACTIVE",
      "weight": 0,
      "pluginToken": "time",
      "filters": [
        {
          "configuration": {
            "messageTypes": [
              "RPC_REQUEST"
            ]
          },
          "name": "RPC Request Filter",
          "clazz": "org.thingsboard.server.extensions.core.filter.MsgTypeFilter"
        },
        {
          "configuration": {
            "methodNames": [
              {
                "name": "getTime"
              }
            ]
          },
          "name": "getTime method filter",
          "clazz": "org.thingsboard.server.extensions.core.filter.MethodNameFilter"
        }
      ],
      "processor": null,
      "action": {
        "configuration": {
        },
        "clazz": "org.thingsboard.server.extensions.core.action.rpc.RpcPluginAction",
        "name": "getTimeAction"
      }
    },
    {
      "name": "Demo Messaging RPC Rule",
      "state": "ACTIVE",
      "weight": 0,
      "pluginToken": "messaging",
      "filters": [
        {
          "configuration": {
            "messageTypes": [
              "RPC_REQUEST"
            ]
          },
          "name": "RPC Request Filter",
          "clazz": "org.thingsboard.server.extensions.core.filter.MsgTypeFilter"
        },
        {
          "configuration": {
            "methodNames": [
              {
                "name": "getDevices"
              },
              {
                "name": "sendMsg"
              }
            ]
          },
          "name": "Messaging methods filter",
          "clazz": "org.thingsboard.server.extensions.core.filter.MethodNameFilter"
        }
      ],
      "processor": null,
      "action": {
        "configuration": {
        },
        "clazz": "org.thingsboard.server.extensions.core.action.rpc.RpcPluginAction",
        "name": "Messaging RPC Action"
      }
    },
    {
      "name": "Demo Time RPC Rule",
      "state": "ACTIVE",
      "weight": 0,
      "pluginToken": "time",
      "filters": [
        {
          "configuration": {
            "messageTypes": [
              "RPC_REQUEST"
            ]
          },
          "name": "RPC Request Filter",
          "clazz": "org.thingsboard.server.extensions.core.filter.MsgTypeFilter"
        },
        {
          "configuration": {
            "methodNames": [
              {
                "name": "getTime"
              }
            ]
          },
          "name": "getTime method filter",
          "clazz": "org.thingsboard.server.extensions.core.filter.MethodNameFilter"
        }
      ],
      "processor": null,
      "action": {
        "configuration": {
        },
        "clazz": "org.thingsboard.server.extensions.core.action.rpc.RpcPluginAction",
        "name": "getTimeAction"
      }
    }
  ]
}